Position,First Name,Last Name,FPPG,New projection,Another projection,Yet another projection
D,Kansas City,Chiefs,11.125,5.96,6.84,6.39
D,Arizona,Cardinals,10.5,4.42,9.48,9.77
D,Seattle,Seahawks,10.3125,10.18,9.37,2.08
D,Houston,Texans,9.4375,8.4,11.51,10.46
D,Philadelphia,Eagles,8.25,12.98,10.04,10.67
D,Pittsburgh,Steelers,9.3125,3.32,7.33,11.24
D,Minnesota,Vikings,8.8125,7.52,4.22,2.36
D,Cincinnati,Bengals,8.75,4.57,11.48,4.43
D,New York,Jets,7.3125,12.87,12.23,2.83
D,Buffalo,Bills,6.125,10.66,5.63,5.69
D,Los Angeles,Rams,8.6875,11.5,3.53,11.7
D,San Francisco,49ers,4.5,9.73,9.48,12.92
D,New England,Patriots,8.4375,3.69,10.71,5.57
D,New York,Giants,7.375,12.59,7.73,12.24
D,Indianapolis,Colts,7.625,6.36,12.48,9.37
D,Dallas,Cowboys,5.25,12.79,9.61,12.3
D,Baltimore,Ravens,6.4375,9.11,6.72,10.58
D,Chicago,Bears,5.0625,6.43,3.39,6.43
D,Oakland,Raiders,7,6.63,10.76,4.54
D,Green Bay,Packers,7.5625,11.72,5.3,3.8
D,Detroit,Lions,6.0625,12.48,5.65,5.85
D,Tampa Bay,Buccaneers,6.625,3.36,4.82,9.87
D,Washington,Redskins,8.3125,2.77,5.33,7.12
D,Atlanta,Falcons,5.8125,12.81,4.76,8.5
D,Miami,Dolphins,6,8.43,8.73,5.98
D,San Diego,Chargers,5.1875,11.76,12.87,6.4
D,Jacksonville,Jaguars,6.1875,2.86,5.59,3.02
D,Tennessee,Titans,5.625,6.02,7.48,2.64
D,New Orleans,Saints,5.125,8.14,12.76,8.71
D,Cleveland,Browns,5.4375,7.5,4.38,8.09
K,Nick,Folk,9.285714286,3.24,12.62,9.08
K,Matt,Bryant,7.4,12.18,2.38,8.83
K,Cody,Parkey,5.666666667,3.12,9.46,6.41
K,Patrick,Murray,0,12.41,2.4,2.23
K,Zach,Hocker,5.625,12.8,10.42,4.78
K,Stephen,Gostkowski,10.6875,6.86,7.93,9.22
K,Chandler,Catanzaro,8.9375,11.44,7.55,2.22
K,Justin,Tucker,9.125,5.01,4.31,12.19
K,Dan,Bailey,8.1875,10.47,6.75,11.63
K,Cairo,Santos,9.132499695,11.93,9.5,2.34
K,Adam,Vinatieri,7.6875,7.41,12.63,11.7
K,Steven,Hauschka,9.125,2.19,4.38,4.76
K,Caleb,Sturgis,7.461538462,11.7,2.46,5.23
K,Mason,Crosby,8.266666667,3.73,7.47,6.98
K,Blair,Walsh,9.5625,5.97,2.18,7.79
K,Mike,Nugent,8.1875,9.32,7.05,7.6
K,Kai,Forbath,6.454545455,11.64,10.13,11.02
K,Connor,Barth,8.583333333,8.97,2.98,8.61
K,Chris,Boswell,10.5,11.27,3.05,3.67
K,Dan,Carpenter,7.25,4.15,9.15,2.83
K,Phil,Dawson,6.5,5.73,12.11,10.9
K,Matt,Prater,7.375,12.04,10.84,2.34
K,Sebastian,Janikowski,7.125,6.39,10.28,7.78
K,Aldrick,Rosas,0,11.99,2.87,10.48
K,Marshall,Morgan,0,6.07,10.91,5.42
K,Josh,Lambo,7.8125,6.98,6.08,7.5
K,Tom,Obarski,0,10.09,3.01,8.66
K,Andrew,Franks,4.875,2.37,9.26,6.94
K,Jason,Myers,7.625,4.08,7.16,9.12
K,Travis,Coons,7.0625,11.22,5.81,8.83
K,Robbie,Gould,9.866666667,10.86,4.55,3.7
K,Shaun,Suisham,0,9.67,2.1,3.58
K,Greg,Zuerlein,6.928571429,2.01,3.1,11.53
K,Ryan,Succop,5.714285714,2.15,5.43,12.43
K,Nick,Novak,7,5.94,5.26,5.08
K,Giorgio,Tavecchio,0,4.54,2.37,3.28
K,Dustin,Hopkins,8.333333333,12.26,4.94,4.63
K,Roberto,Aguayo,0,5.51,12.92,2.75
QB,Aaron,Rodgers,19.32749939,12.53,10.82,9.89
QB,Tony,Romo,11.91499996,11.73,8.83,8.7
QB,Joe,Flacco,17.39400024,2.15,8.72,2.13
QB,Teddy,Bridgewater,13.09000015,2.34,9.96,8.49
QB,Colin,Kaepernick,12.79999966,6.26,7.7,5.99
QB,Cardale,Jones,0,11.6,12.09,5.14
QB,Matt,Moore,0.360000014,8.91,12.28,8.83
QB,Dustin,Vaughan,0,6.54,4.42,4.23
QB,Carson,Wentz,0,2.19,8.14,6.42
QB,Brett,Hundley,0,10.71,10.59,6.13
QB,Tyler,Bray,0,6.99,10.65,12.99
QB,Andrew,Luck,20.40571376,8.36,11.4,6.79
QB,Drew,Brees,21.01333415,6.65,3.47,2.64
QB,Russell,Wilson,21.51625061,10.65,12.04,8.88
QB,Ben,Roethlisberger,20.34333293,3.73,2.72,11.46
QB,Blake,Bortles,20.88249969,2.42,2.92,10.96
QB,Carson,Palmer,20.01499939,10.54,10.45,4.75
QB,Kirk,Cousins,19.02750015,4.94,7.17,10.39
QB,Derek,Carr,17.76749992,9.43,2.44,12.36
QB,Andy,Dalton,19.32307669,4.71,11.18,12.37
QB,Matt,Ryan,15.62125015,7.3,9.17,9.59
QB,Marcus,Mariota,18.37666702,10.41,4.01,6.96
QB,Jameis,Winston,18.12375069,7.58,12.53,7.47
QB,Matthew,Stafford,18.95499992,10.85,9.02,11.12
QB,Ryan,Fitzpatrick,18.76250076,11.28,12.07,9.75
QB,Philip,Rivers,18.59250069,9.15,12.62,11.08
QB,Eli,Manning,18.83625031,2.97,7.38,4.52
QB,Tyrod,Taylor,19.79285758,10.91,12.96,2.54
QB,Brock,Osweiler,15.34749985,3.02,7.84,7.69
QB,Alex,Smith,17.38999939,5.79,3.07,6.04
QB,Robert,Griffin III,0,9.86,8.15,8.37
QB,Jimmy,Garoppolo,-0.064999998,3.95,7.07,2.51
QB,Josh,McCown,17.02000046,3.62,6.87,4.35
QB,Sam,Bradford,14.92142814,12.33,10.43,4.62
QB,Jared,Goff,0,12.21,11.91,3.93
QB,Jay,Cutler,15.83066711,12.62,4.02,12.02
QB,Ryan,Tannehill,16.86375046,4.45,9.09,8.25
QB,Geno,Smith,21,4.29,5.01,11.04
QB,Blaine,Gabbert,17.09250069,5.51,3.38,6.01
QB,Brandon,Weeden,11.40333303,10.79,2.27,8.55
QB,Matt,Schaub,15.30000019,10.74,4.7,6.3
QB,Nick,Foles,9.64363653,5.16,5.32,10.75
QB,Ryan,Mallett,10.99142892,5.05,9.14,3.65
QB,Case,Keenum,8.923999786,2.3,5.68,5.41
QB,Zach,Mettenberger,7.028571538,4.33,6.21,6.18
QB,Brian,Hoyer,15.78545449,3.33,5.71,3.72
QB,Drew,Stanton,0.143333336,10.82,10.91,9.69
QB,Matt,Cassel,9.229999542,10.65,5.05,7.07
QB,AJ,McCarron,8.17999976,4.45,6.51,4.06
QB,Aaron,Murray,0,7.79,6.88,10.84
QB,Austin,Davis,7.393333435,2.19,6.89,11.85
QB,Landry,Jones,3.717142923,2.65,9.77,3.26
QB,Mike,Glennon,0,12.74,3.49,7.09
QB,Colt,McCoy,8.819999695,2.97,11.46,4.83
QB,Chad,Henne,0,12.4,7.51,6.66
QB,EJ,Manuel,10.46000004,5.81,5.69,5.01
QB,Matt,McGloin,5.340000153,2.74,8.91,3.31
QB,Chase,Daniel,-0.02,11.71,4.24,7.77
QB,Dylan,Thompson,0,6.44,11.76,10.29
QB,Trevone,Boykin,0,12.37,6.22,9.63
QB,Connor,Shaw,0,9.55,12.85,3.2
QB,Joe,Callahan,0,10.25,10.73,3.97
QB,Connor,Cook,0,2.64,11.98,13
QB,Josh,Woodrum,0,10.67,2.35,8.86
QB,Brandon,Doughty,0,6.7,2.06,9.87
QB,David,Fales,0,11.58,12.83,11.49
QB,Logan,Thomas,0,6.95,4.94,4.49
QB,Christian,Hackenberg,0,5.91,11.87,7.49
QB,Garrett,Grayson,0,3.46,8.31,5.95
QB,Ryan,Nassib,6.71999979,2.01,5.81,7.34
QB,Jameill,Showers,0,4.46,3.67,8.69
QB,Jacoby,Brissett,0,10.38,3.34,6.81
QB,Jeff,Driskel,0,9.77,6.97,4.78
QB,Stephen,Morris,0,5.12,3.99,4.46
QB,Zac,Dysert,0,7.09,12.69,6.27
QB,Scott,Tolzien,-0.07,8.1,12.28,11.77
QB,Nate,Sudfeld,0,10.76,7.08,5.52
QB,Ryan,Griffin,0,11.39,2.58,6.45
QB,Griffin,Neal,0,3.65,4.89,2.77
QB,Bryce,Petty,0,2.42,11.11,4.01
QB,Jerrod,Johnson,0,3.43,6.86,11.35
QB,Shaun,Hill,0.033333334,10.66,3.15,3.38
QB,Jake,Rudock,0,6.57,3.92,9.4
QB,Kevin,Hogan,0,3.37,4.67,6.39
QB,Tom,Savage,0,8.14,3.93,5.97
QB,Matt,Simms,0,9.59,10.35,6.06
QB,Max,Wittek,0,5.46,11.22,8.39
QB,Cody,Kessler,0,2.06,12.82,6.82
QB,Marquise,Williams,0,11.43,6.76,10.69
QB,Matt,Barkley,0,5.16,11.17,7.43
QB,Dak,Prescott,0,9.79,12.23,5.77
QB,Sean,Mannion,1.24000001,9.85,6.54,10.24
QB,Mike,Bercovici,0,7.96,6.5,3.55
QB,Dan,Orlovsky,5.519999981,4.4,12.83,4.78
QB,Keith,Wenning,0,6.81,8.39,4.39
QB,Sean,Renfree,-0.479999989,5.01,9.9,6.69
QB,Josh,Johnson,0,5.34,6.22,12.66
QB,Jake,Heaps,0,7.74,12.99,7.32
QB,Brandon,Allen,0,3.31,8.56,8.36
QB,Luke,McCown,6.199999809,5.95,7.12,7.15
QB,Kellen,Clemens,3.210000038,11.89,8.31,3.21
QB,Joel,Stave,0,6.52,2.03,3.14
QB,Dan,LeFevour,0,11.49,10.98,11.52
QB,Jake,Coker,0,7.11,4.03,5.83
QB,B.J.,Daniels,0.920000017,6.9,4.25,7.01
RB,Jamaal,Charles,18.11999969,8.79,9.47,8.41
RB,Thomas,Rawls,10.25833321,5.52,7.4,11.02
RB,Doug,Martin,13.48750019,11.43,11.42,12.28
RB,Matt,Forte,14.82307669,9.33,10.73,2.69
RB,Ameer,Abdullah,6.53125,11.02,2.46,9.34
RB,Alfred,Blue,7.442856925,12.61,10.21,6.42
RB,Denard,Robinson,4.791666667,3,5.11,6.98
RB,Charcandrick,West,9.446154081,5.16,11.8,6.96
RB,Khiry,Robinson,7.75,3.21,10.97,2.33
RB,Chris,Thompson,5.77692296,9.68,7.25,6.83
RB,Antonio,Andrews,7.252857208,9.11,7.06,11.48
RB,Shaun,Draughn,5.854545593,10.85,9.38,2.46
RB,Lance,Dunbar,9.675000191,10.56,3.53,5.04
RB,Jonathan,Williams,0,2.19,11.57,4.17
RB,Isaiah,Pead,-1.700000048,7.8,8.82,12.22
RB,Brandon,Wilds,0,11.6,6.93,8.68
RB,Will,Johnson,2.260000038,2.91,7.62,9.08
RB,Senorise,Perry,0,8.55,7.47,12.21
RB,Terron,Ward,2.729999924,12.07,3.57,3.41
RB,Wendell,Smallwood,0,2.8,2.08,10.3
RB,Glenn,Winston,-2.799999952,9.38,9.82,7.85
RB,Carlos,Hyde,10.82857186,11.72,9.98,6.3
RB,Matt,Jones,8.069230887,2.2,5.38,5.35
RB,Mike,Gillislee,9.719999695,9.68,5.5,10.96
RB,Kenyan,Drake,0,11.62,9.57,10.67
RB,Ka'Deem,Carey,4.412499905,8.76,8.11,3.17
RB,Keith,Marshall,0,11.42,8.08,10.93
RB,John,Crockett,1.049999952,4.12,2.68,8.6
RB,Marcus,Murphy,0.307692308,9.89,3.39,6.94
RB,Daniel,Lasco,0,11.1,7.17,7
RB,Raheem,Mostert,-0.25,3.54,6.36,6.21
RB,Todd,Gurley,15.22307645,4.94,7.11,8.72
RB,David,Johnson,12.36250019,2.11,2.96,2.88
RB,Adrian,Peterson,15.35624981,9.86,5.74,10.58
RB,Devonta,Freeman,18.65999959,11.22,6.1,12.96
RB,Ezekiel,Elliott,0,11.6,5.12,4.98
RB,Lamar,Miller,13.02499962,4.97,7.12,8.6
RB,Mark,Ingram,14.86666616,2.71,3.48,4.91
RB,DeAngelo,Williams,13.21249962,8.85,4.39,7.84
RB,Eddie,Lacy,8.706667074,12.45,12.73,5.31
RB,Justin,Forsett,10.69000015,3.28,7.56,10.19
RB,LeSean,McCoy,13.55833308,8.62,2.81,11.45
RB,Latavius,Murray,11.51875019,8.93,3.98,5.18
RB,Arian,Foster,16.5,7.73,9.74,6.88
RB,DeMarco,Murray,10.82666626,2.25,6.42,6.43
RB,Jeremy,Hill,10.17500019,4.98,4.45,10.76
RB,Jeremy,Langford,9.106667074,2.58,8.5,9.81
RB,Frank,Gore,11.02499962,11.76,12.17,12.09
RB,Chris,Ivory,12.51333313,9.41,5.11,10.17
RB,Jay,Ajayi,4.35555564,7.04,2.25,7.08
RB,Ryan,Mathews,8.807692308,2.19,6.86,5.12
RB,T.J.,Yeldon,11.49166616,7.41,3.38,4.91
RB,Chris,Johnson,9.472726995,5.71,12.03,11.23
RB,LeGarrette,Blount,9.96666654,11.69,8.98,4.5
RB,Rashad,Jennings,9.399999619,5.61,11.81,7.61
RB,Danny,Woodhead,12.69375038,7.18,8.8,6.16
RB,Isaiah,Crowell,8.018750191,6.6,8.4,2.28
RB,Melvin,Gordon,6.557143075,11,11.26,10.33
RB,Duke,Johnson Jr.,8.362500191,10.31,4.39,3.74
RB,Giovani,Bernard,9.793749809,9.98,4.27,3.32
RB,Darren,Sproles,8.375,10.46,3.36,3.99
RB,James,Starks,9.050000191,11.85,5.86,7.36
RB,Bilal,Powell,10.14545441,7.33,11.12,5.4
RB,Derrick,Henry,0,8.86,10.68,4.59
RB,Alfred,Morris,5.724999905,12.25,10.64,3.93
RB,Javorius,Allen,7.699999809,9.99,5.54,5.6
RB,Spencer,Ware,8.866667006,9.4,9.28,8.82
RB,Shane,Vereen,8.056249619,5.63,12.23,3.58
RB,Jerick,McKinnon,4.556250095,3.55,3.17,6.82
RB,Tevin,Coleman,3.46666654,10.38,3.17,10.68
RB,Tim,Hightower,13.40000025,6.73,10.08,11.42
RB,Theo,Riddick,8.6875,12.45,6.98,6.33
RB,Travaris,Cadet,6.116666794,10.44,4.25,11.11
RB,Zach,Zenner,2.025000095,12.97,9.79,4.12
RB,Benny,Cunningham,3.466666667,7.06,4.46,6.44
RB,C.J.,Prosise,0,9.78,5.53,10.79
RB,Robert,Turbin,3.170000076,8.39,8.63,12.07
RB,Brandon,Bolden,5.472727342,10.58,12.72,11.99
RB,C.J.,Spiller,4.930769113,3.22,8.28,9.31
RB,James,White,8.549999873,4.83,3.38,10.57
RB,Jordan,Howard,0,5.69,9.96,11.85
RB,Christine,Michael,3.424999952,6.28,9.55,11.22
RB,Matt,Asiata,2.260000102,11.88,11.44,7.87
RB,DuJuan,Harris,7.775000095,7.79,12.25,10.91
RB,Donald,Brown,6.950000127,6.39,5.03,10.15
RB,Jordan,Todman,0.550000012,5.34,7.66,6.8
RB,Andre,Ellington,6.719999695,5.21,3.22,2.63
RB,DeAndre,Washington,0,5.59,4.45,4.81
RB,Branden,Oliver,4.071428571,6.48,7.42,8.75
RB,Terrance,West,2.900000095,7.9,3.69,9.1
RB,Andre,Williams,2.181250095,5.08,7.9,10.37
RB,Charles,Sims,9.65625,12.9,4.12,11.53
RB,Stepfan,Taylor,1.116666635,7.77,6.97,2.48
RB,Jacquizz,Rodgers,1.119999981,12.41,8.57,2.11
RB,Kerwynn,Williams,3.46666654,11.31,11.79,9.68
RB,Fitzgerald,Toussaint,2.066666603,11.25,8.8,4.97
RB,Bobby,Rainey,0.19333334,7.89,4.43,11.55
RB,Stevan,Ridley,1.350000024,7.78,8.92,6.69
RB,Roy,Helu Jr.,2.737499952,5.68,2.45,12.39
RB,Damien,Williams,2.471428462,10.54,5.37,4.97
RB,Kenjon,Barner,2.850000064,12.8,2.12,6.95
RB,Alex,Collins,0,11.85,4.29,8.65
RB,Akeem,Hunt,2.357142857,2.91,8.79,7.07
RB,Cedric,O'Neal,0,10.91,12.38,12.35
RB,Mike,Davis,2.620000076,2.06,4.54,2.87
RB,Trent,Richardson,0,3.33,9.95,8.88
RB,Jerome,Felton,0.474999994,3.86,6.67,9.92
RB,Brandon,Brown-Dukes,0,9.43,7.85,12.64
RB,Tyler,Ervin,0,8.66,6.52,3.52
RB,C.J.,Ham,0,7.87,8.1,4.92
RB,David,Cobb,2.985714231,6.31,3.21,8.54
RB,Chase,Reynolds,0,10.56,6.55,5.63
RB,James,Develin,0,10.01,12.43,10.32
RB,Trey,Williams,1.200000048,6.8,7.55,12.29
RB,Dominique,Williams,0,8.55,6.31,2.54
RB,Joey,Iosefa,2.549999952,9.26,7.56,4.64
RB,Mack,Brown,0,8.55,4.49,2.37
RB,Gus,Johnson,0,7.78,3.42,10.02
RB,George,Atkinson III,0,7.49,11.41,3.49
RB,Josh,Ferguson,0,6.89,5.49,8
RB,Mike,James,0,5.74,4.5,5.19
RB,Don,Jackson,0,7.74,8.67,2.2
RB,Kenneth,Dixon,0,3.54,12.7,3.81
RB,Bishop,Sankey,4.183333397,9.31,11.26,6.89
RB,Kyle,Juszczyk,4.806250095,2.82,12.59,7.64
RB,Zach,Line,2.863636364,10.77,7.97,11.57
RB,Orleans,Darkwa,2.877777735,3.5,11.37,6.19
RB,Tommy,Bohanon,1.560000038,8.87,6.52,3.8
RB,Patrick,DiMarco,2.95,11.57,10.78,9.04
RB,Kendall,Gaskins,3.674999952,3.45,9.69,11.79
RB,Rob,Kelley,0,6.79,10.04,10.77
RB,Paul,Perkins,0,12.78,8.33,5.49
RB,Sam,Bergen,0,2.72,11.72,4.34
RB,Michael,Burton,1.637500048,9.83,6.81,12.18
RB,Daryl,Richardson,0,10.79,6.06,4.34
RB,Sione,Houma,0,10.81,6.68,5.15
RB,Paul,Lasike,0,6.74,2.89,12.63
RB,Bruce,Miller,2.589999962,7.16,9.64,7.85
RB,Kenneth,Farrow,0,12.41,5.32,2.12
RB,Daniel,Herron,1.900000042,2.33,6.6,4.09
RB,Bernard,Pierce,0.824999988,4.45,3.28,4.01
RB,Ryan,Hewitt,1.544444402,12.99,12.1,4.37
RB,Patrick,Skov,0,9.33,5.03,3.57
RB,Terrell,Watson,0,4.15,3.12,5.53
RB,Tre,Madden,0,11.5,8.15,6.7
RB,Romar,Morris,0,4.91,2.15,9.94
RB,Malcolm,Johnson,0.7,8.89,10.97,9.74
RB,Daniel,Thomas,0,8.46,7.25,3.55
RB,Rex,Burkhead,1.566666603,5.22,4.94,7.3
RB,Storm,Johnson,0,9.38,2.57,12.89
RB,Jonathan,Grimes,5.576923077,4.79,12.54,5.37
RB,Roosevelt,Nix,0.866666635,4.56,9.32,9.38
RB,Taiwan,Jones,2.125,6.19,10.01,5.77
RB,Kelvin,Taylor,0,6.88,11.61,4.49
RB,Jay,Prosch,0.824999988,9.79,2.03,5.47
RB,Byron,Marshall,0,11.43,6.26,4.82
RB,Nikita,Whitlock,0,6.53,11.19,9.68
RB,Darius,Jackson,0,11.28,2.15,2.08
RB,Bronson,Hill,0,10.41,9.38,11.86
RB,Aaron,Ripkowski,1.149999976,6.42,12.51,2.03
RB,Corey,Grant,0.1,3.76,10.18,3.41
RB,Jonas,Gray,4.100000109,7.02,2.63,10.75
RB,Knile,Davis,1.276923106,9.41,3.44,6.27
RB,James,Wilder Jr.,0,4.83,11.84,2.97
RB,Jhurell,Pressley,0,6.05,4.96,7.07
RB,Dexter,McCluster,6.92727245,5.91,4.13,12.57
RB,Dreamius,Smith,0,10.11,9.74,10.09
RB,Jalston,Fowler,2.525000095,2.9,9.52,2.87
RB,Christian,Powell,0,4.24,9.41,4.22
RB,Zac,Brooks,0,4.87,3.05,4.66
RB,Dwayne,Washington,0,2.37,8.57,9.74
RB,Zach,Laskey,0,11.16,9.95,2.91
RB,Jamize,Olawale,2.989999962,10.48,8.04,3.06
RB,Derek,Watt,0,7.28,11.18,4.99
RB,Peyton,Barber,0,4.26,12.09,10.51
RB,Glenn,Gronkowski,0,11.74,2.1,8.36
RB,Zac,Stacy,3.699999946,4.88,12.48,11.45
RB,Cedric,Peerman,0,6.57,10.27,3.97
TE,Jordan,Reed,14.33571407,5.99,5.06,9.04
TE,Zach,Miller,7.575000127,4.22,7.02,6.98
TE,Maxx,Williams,4.066666603,6.9,4.67,2.74
TE,Clive,Walford,4.326666768,10.54,10.15,11.72
TE,Niles,Paul,0,9.04,6.64,8.49
TE,Kellen,Davis,1.033333355,11.55,6.43,10.86
TE,Mitchell,Henry,0,7.72,2.55,3.07
TE,Ben,Braunecker,0,8.2,2.53,7.63
TE,Bryce,Williams,0,2.43,12.04,3.19
TE,Gavin,Escobar,2.057142803,2.34,2.95,11.62
TE,Seth,DeValve,0,7.36,8.57,8.09
TE,Matt,LaCosse,3.700000048,6.01,6.84,9.44
TE,James,O'Shaughnessy,2.339999962,5.8,11.28,11.15
TE,Randall,Telfer,0,4.94,5.38,6.5
TE,Logan,Paulsen,0,11.89,8.74,9.36
TE,Jermaine,Gresham,2.869230711,4.44,5.56,3.22
TE,Jim,Dray,1.011111153,3.7,7.46,12.01
TE,Matthew,Mulligan,0.699999988,8.7,7.41,6.45
TE,Clay,Harbor,3.737499952,2.65,6.95,12.04
TE,Jimmy,Graham,8.772727273,5.3,2.54,2.08
TE,Eric,Ebron,7.657142639,3.07,8.76,8.73
TE,Tyler,Kroft,4.066666603,3.38,9.26,12.16
TE,Dennis,Pitta,0,3.99,6.18,11.45
TE,Jace,Amaro,0,2.74,5.06,3.92
TE,Nick,Vannett,0,6.65,6.47,3.41
TE,Rhett,Ellison,2.172727238,10.4,3,8.44
TE,Tony,Moeaki,4.433333397,7.87,4.6,10.43
TE,Chris,Gragg,3,2.07,6.77,12.86
TE,Michael,Hoomanawanui,2.910000038,9.36,9.77,11.55
TE,Rob,Gronkowski,14.64000041,4.12,2.56,10.8
TE,Delanie,Walker,13.15999959,9.31,6.46,4.63
TE,Travis,Kelce,9.59375,2.31,9.33,8.91
TE,Gary,Barnidge,12.36250019,2.05,6.09,2.17
TE,Antonio,Gates,11,2.87,9.06,3.3
TE,Julius,Thomas,8.208333333,3.45,7.96,9.62
TE,Zach,Ertz,8.853333537,2.07,12.54,4.76
TE,Dwayne,Allen,2.083333333,8.39,3.47,8.05
TE,Jason,Witten,7.862500191,12.5,11.55,10.18
TE,Coby,Fleener,6.406666565,11.2,12.34,10.38
TE,Austin,Seferian-Jenkins,9.757143293,3.81,10.82,9.22
TE,Kyle,Rudolph,6.5,6.52,11.41,8.28
TE,Benjamin,Watson,9.59375,9.62,4.55,9.22
TE,Jared,Cook,4.224999905,5.06,2.7,2.42
TE,Will,Tye,6.415384733,12.28,9.09,6.88
TE,Martellus,Bennett,8.036363775,10.01,6.15,9.59
TE,Jacob,Tamme,6.746666463,10.55,7.77,4.24
TE,Charles,Clay,7.407692542,6.1,5.66,6.09
TE,Jordan,Cameron,4.631249905,2.49,11.99,4.44
TE,Crockett,Gillmore,8.169999695,11.76,12.29,8.4
TE,Brent,Celek,5.941666921,4.06,5.76,9.22
TE,Larry,Donnell,6.099999905,5.08,7.19,7.92
TE,Luke,Willson,2.753846095,11.11,2.96,8
TE,Vernon,Davis,4.5,5.54,9.88,2.87
TE,Richard,Rodgers,8.193750381,9.38,3.39,4.43
TE,Vance,McDonald,4.685714177,7.39,4.14,5.01
TE,Ryan,Griffin,5.233333164,3.8,6.27,9.71
TE,Lance,Kendricks,3.5,6.53,8.12,9.67
TE,Darren,Fells,5.418181679,2.37,10.53,9.03
TE,Cameron,Brate,4.85833327,6.59,7.37,10.51
TE,Justin,Perillo,3.616666794,12.07,5.83,6.69
TE,Marcedes,Lewis,2.040000025,3.07,2.98,4.27
TE,Levine,Toilolo,1.099999958,3.47,4.78,2.03
TE,Dion,Sims,2.14166673,4.93,12.11,5.4
TE,Nick,O'Leary,1.399999936,6.63,9,8.83
TE,Mychal,Rivera,3.571428571,9.97,12.03,5.62
TE,David,Johnson,-0.174999997,11.88,4.65,12.37
TE,Busta,Anderson,0,9.8,4.95,11.54
TE,Jerell,Adams,0,5.57,12.96,6.69
TE,Tyler,Higbee,0,8.03,10.18,11.29
TE,Cole,Wick,0,8.6,2.47,5.81
TE,Adam,Fuehne,0,4.31,12.35,12.65
TE,Ifeanyi,Momah,0,5.93,7.77,3.75
TE,Justice,Cunningham,0,9.83,5.82,10.17
TE,Ryan,O'Malley,0,11.39,4.78,5.58
TE,Craig,Stevens,3.010000038,10.09,4.9,10.81
TE,Matt,Spaeth,0.666666667,2.81,6.05,2.74
TE,MarQueis,Gray,0.699999988,12.22,11.96,2.89
TE,Kivon,Cartwright,0,7.02,6.77,4.81
TE,Gerald,Christian,0,3.98,9.12,2.59
TE,A.J.,Derby,0,10.13,8.25,6.15
TE,M.J.,McFarland,0,11.65,10.96,9.95
TE,Anthony,Denham,0,7.28,4.17,12.66
TE,Danny,Vitale,0,10.85,11.31,9.62
TE,Ryan,Malleck,0,11.28,4.37,4.49
TE,Jake,Stoneburner,6.400000254,12.95,6.02,9.48
TE,Eric,Tomlinson,0,7.23,11.71,11.48
TE,Nick,Truesdell,0,11.43,8.44,6.42
TE,Trey,Burton,2.300000032,10.91,9.72,3.07
TE,Temarrick,Hemingway,0,10.35,6.21,9.74
TE,Blake,Annen,0,12.94,12.68,5.53
TE,Matt,Lengel,0,9.71,5.36,12.66
TE,Chris,Pantale,0,5.04,7.01,8.02
TE,Brandon,Williams,0,2.72,6.32,6.95
TE,Khari,Lee,0.300000012,5.54,8.2,9.27
TE,Asante,Cleveland,0.600000024,11.79,8.46,8.18
TE,John,Peters,0,7.72,2.23,10.17
TE,E.J.,Bibbs,0.600000024,4.39,8.86,2.27
TE,MyCole,Pruitt,1.389999962,11.32,6.42,11.63
TE,Joshua,Perkins,0,4.28,9.15,7.25
TE,Josh,Hill,2.461538462,3.35,9.41,3.49
TE,Brian,Parker,0.550000012,6.35,7.02,10.94
TE,Brian,Leonhardt,0.899999976,9.46,6.71,3.1
TE,Sean,McGrath,0,6.39,11.1,7.36
TE,C.J.,Fiedorowicz,2.246153905,4.36,5.81,4.48
TE,Darion,Griswold,0,5.57,7.69,4.73
TE,Jack,Doyle,2.400000095,8,7.94,10.47
TE,Zach,Sudfeld,0,3.69,9.21,9.7
TE,Garrett,Griffin,0,5.41,10.39,12.47
TE,Ben,Koyack,0,6.21,4.14,4.98
TE,Paul,Lang,0,4.33,9.15,5.58
TE,Anthony,Fasano,3.850000109,12.9,4.36,12.03
TE,Troy,Niklas,4.324999809,12.74,12.11,9.41
TE,Adrien,Robinson,0,12.03,8.82,10.13
TE,Lee,Smith,1.727272727,8.39,5.48,5.03
TE,Xavier,Grimble,0,2.33,4.49,11.52
TE,Austin,Hooper,0,4.48,6.12,6.47
TE,Cory,Harkey,0.849999984,10.49,9.21,4.58
TE,Je'Ron,Hamm,0,2.3,4.78,11.12
TE,Cooper,Helfet,2.785714286,7.27,6.56,2.27
TE,Rob,Housler,1.060000038,8.48,8.32,7.76
TE,Kennard,Backman,0,12.85,4.96,11.89
TE,Phillip,Supernaw,1.350000024,11.84,8.63,11.87
TE,Luke,Stocker,2.075000048,4.06,8.66,9.66
TE,Connor,Hamlett,0,10.45,9.82,4.64
TE,Blake,Bell,2.900000042,10.88,12.83,10.64
TE,Nic,Jacobs,0.366666675,7.22,9.22,4.08
TE,Stephen,Anderson,0,3.66,6.24,11.28
TE,Garrett,Celek,4.609999847,8.25,11.51,4.24
TE,Benson,Browne,0,7.54,9.43,5.2
TE,Geoff,Swaim,0.5,9.19,5.93,12.91
TE,C.J.,Uzomah,0.899999976,9.91,6.95,8.2
TE,Michael,Cooper,0,7.88,6.99,11.55
TE,Braedon,Bowman,0,10.45,3.08,12.09
TE,Wes,Saxton,0,10.36,10.58,9.58
TE,D.J.,Tialavea,0,10.99,3.87,9.18
TE,Jerome,Cunningham,1.649999936,5.29,9.36,8.45
TE,Thomas,Duarte,0,8.07,7.89,4.5
TE,Brandon,Bostick,0,12.69,4.25,10.19
TE,Hunter,Henry,0,7.02,10.47,11.72
TE,Brandon,Myers,3.116666794,11.37,12.47,9.23
TE,Demetrius,Harris,2.816666603,4.23,5.41,3.99
TE,David,Morgan,0,6.31,12.22,6.2
TE,Jesse,James,3.520000076,3.88,5.48,4.96
WR,Julio,Jones,19.19375038,4.07,11.69,7.16
WR,Eric,Decker,14.1799998,10.77,2.44,4.77
WR,T.Y.,Hilton,11.05624962,6.8,8.26,9.53
WR,Corey,Coleman,0,12.87,4.41,11.22
WR,Markus,Wheaton,8.056249619,2.57,9.08,7.17
WR,Kendall,Wright,7.85,11.77,4.76,2.48
WR,Terrance,Williams,8,5.84,6.71,11.82
WR,Dontrelle,Inman,6.84166654,2.72,7.59,10.46
WR,Eddie,Royal,5.35555564,12.92,10.46,3.64
WR,Jamison,Crowder,6.506249905,10.93,2.92,10.25
WR,Jarius,Wright,4.139999898,9.28,8.88,7.97
WR,De'Anthony,Thomas,3.590000153,4.63,5.32,2.6
WR,Tajae,Sharpe,0,2.99,4.22,4.98
WR,Dwayne,Harris,6.320000203,6.97,3.26,11.56
WR,Kenbrell,Thompkins,4.166666667,5.82,6.83,10.04
WR,Greg,Salas,5.599999905,4.65,3.98,7.32
WR,Reggie,Diggs,0,11,6.32,12.14
WR,Jarvis,Turner,0,12.96,5.87,12.74
WR,Tyrell,Williams,8,4.45,3.65,8.28
WR,Brittan,Golden,0.25,9.92,12.98,4.09
WR,Devin,Street,1.889999962,9.53,12.96,7.87
WR,Geremy,Davis,0.774999976,2.23,3.19,7.58
WR,Bryan,Walters,5.345454476,9.39,5.55,9.33
WR,Javontee,Herndon,3.849999905,11.81,7.05,9.01
WR,Jordy,Nelson,0,2.58,11.06,5.25
WR,Dez,Bryant,8.177777608,10.22,6.16,10.24
WR,Larry,Fitzgerald,14.125,9.6,10.54,2.09
WR,Steve,Smith Sr.,15.42857143,2.52,4.12,2.65
WR,Jordan,Matthews,11.76249981,8.26,2.73,6.18
WR,John,Brown,11.66666667,7.4,6.85,10.81
WR,Brandon,LaFell,6.445454684,6.96,5.52,9.08
WR,Victor,Cruz,0,9.7,8.01,2.94
WR,Quincy,Enunwa,3.863636364,3.03,3.78,7
WR,Justin,Hardy,3.32222218,3.51,12.49,7.4
WR,Breshad,Perriman,0,5.71,12.06,7.3
WR,Bruce,Ellington,1.576923077,4.83,11.08,5.11
WR,Mario,Alford,2,8.84,7.44,8.86
WR,Bradley,Marquez,1.530000019,11.28,10.59,8.77
WR,Nelson,Spruce,0,2.79,12.06,2.44
WR,Malcolm,Mitchell,0,10.54,2.49,6.14
WR,Tony,Washington,0.800000012,7.94,8.57,11.69
WR,Evan,Spencer,0,4.23,10.67,8.24
WR,DeAndre,Smelter,0,11.41,12.63,10.2
WR,Daniel,Brown,2.349999905,6.16,6.11,3.06
WR,Donteea,Dye,2.470000076,6.92,9.24,12.79
WR,Dominique,Williams,0,8.97,7.45,3.32
WR,Deonte,Thompson,1.51666673,7.68,9.4,3.5
WR,Ricardo,Louis,0,3.93,11.61,3.11
WR,Bryce,Treggs,0,11.87,2.82,10.32
WR,Antonio,Brown,20.01250076,8.69,4.15,6.65
WR,Odell,Beckham Jr.,18.08666585,8.15,11.33,10.6
WR,Allen,Robinson,16.5,2.41,5.23,8.91
WR,DeAndre,Hopkins,17.22500038,12.26,5.42,5.53
WR,A.J.,Green,14.41874981,8.18,11.8,12.16
WR,Mike,Evans,11.57333374,11.52,7.28,5.19
WR,Brandon,Marshall,17.79375076,8.66,6.97,4.14
WR,Brandin,Cooks,13.22500038,3.09,4.39,10.6
WR,Alshon,Jeffery,14.63333299,2.84,8.57,2.38
WR,Keenan,Allen,16,12.89,7.55,2.34
WR,Sammy,Watkins,14.52307716,12.96,9.42,6.96
WR,Julian,Edelman,15.77777778,10.24,2.6,8.66
WR,Randall,Cobb,10.58749962,4.99,8.91,11.06
WR,Amari,Cooper,11.04374981,4.49,3.1,4.14
WR,Allen,Hurns,12.87333374,9.1,4.25,10.53
WR,Michael,Floyd,9.793332926,6.8,4.8,11.62
WR,Golden,Tate,10.27499962,3.74,2.94,10.02
WR,Jeremy,Maclin,13.31333313,9.87,10.96,12.17
WR,Doug,Baldwin,14.36874962,11.31,12.9,8.74
WR,DeSean,Jackson,9.977778117,4.58,2.17,11.86
WR,Jarvis,Landry,13.77250004,7.68,12.42,4.71
WR,Tavon,Austin,10.79374981,4.23,4.66,7.13
WR,Willie,Snead,9.92666626,2.05,9.62,11.17
WR,Kamar,Aiken,9.993749619,2.15,2.2,5.8
WR,Pierre,Garcon,9.356249809,7.69,2.07,11
WR,Stefon,Diggs,9.484615619,4.99,3.51,7.46
WR,Donte,Moncrief,8.831250191,12.62,9.56,3.93
WR,Tyler,Lockett,8.743749619,4.96,8.5,2.86
WR,Michael,Crabtree,11.79374981,8.27,11.4,8.71
WR,DeVante,Parker,10.05000019,4.44,2.01,4.79
WR,Kevin,White,0,2.36,12.61,7.27
WR,Laquon,Treadwell,0,11.94,2.57,12.54
WR,Vincent,Jackson,9.080000305,8.86,7.58,11.74
WR,Anquan,Boldin,9.671428135,4.27,10.38,4.84
WR,Mohamed,Sanu,4.6875,4.92,5.28,5.86
WR,Andrew,Hawkins,5.137499809,3.98,5.51,3.17
WR,Travis,Benjamin,10.23750019,10.02,4.47,6.67
WR,Torrey,Smith,6.800000191,5.4,11.44,9.22
WR,Sterling,Shepard,0,3.86,10.49,9.99
WR,Tyler,Boyd,0,7.53,2.85,11.91
WR,Will,Fuller,0,5.03,10.75,2.73
WR,Marvin,Jones Jr.,8.837499619,5.6,11.88,11.71
WR,Robert,Woods,6.764285496,10.37,9.52,3.34
WR,Mike,Wallace,5.293333435,7.13,9.53,4.36
WR,Phillip,Dorsett,3.381818251,12.14,3.16,11.77
WR,Jermaine,Kearse,7.6875,3.53,6.18,7.56
WR,Nelson,Agholor,3.369230711,7.42,11.6,8.84
WR,Rueben,Randle,9.762499809,12.21,11.73,3.24
WR,Kenny,Britt,6.506249905,4.21,3.79,5.42
WR,Davante,Adams,6.253846389,2.04,3.65,9.47
WR,Taylor,Gabriel,3.174999873,3.77,8.42,5.12
WR,Rishard,Matthews,10.19090895,5.18,10.14,8.97
WR,Cecil,Shorts III,8.085454767,11.48,10.9,9.49
WR,Sammie,Coates,1.600000024,3.36,5.88,8.85
WR,Albert,Wilson,5.514285496,3.09,3.62,2.14
WR,Seth,Roberts,6,9.71,7.38,4.89
WR,J.J.,Nelson,5.044444614,12.06,10.6,8.8
WR,Leonard,Hankerson,9.100000109,4.84,9.9,8.81
WR,Nate,Washington,8.71538485,3.58,9.81,6.71
WR,Cole,Beasley,6.599999905,4.57,7.23,4.61
WR,Brian,Hartline,7.275000254,9.46,8.33,11.37
WR,Rashad,Greene,4.088888804,2.58,3.99,11.08
WR,Terrelle,Pryor,2.299999952,11.32,2.66,11.35
WR,Jaelen,Strong,4.109999847,12.2,5.83,4.46
WR,Michael,Thomas,0,5.47,8.28,4.67
WR,TJ,Jones,2.189999962,4.69,9.15,12.08
WR,Dezmin,Lewis,0,12.31,3.55,10.66
WR,Andre,Johnson,5.925000191,4.78,6.99,5.63
WR,Keshawn,Martin,5.5,5.79,2.17,2.24
WR,Kenny,Stills,5.033333333,2.68,2.65,12.77
WR,Dorial,Green-Beckham,6.92142868,7.45,2.89,3.34
WR,Brian,Quick,1.688888868,10.73,12.38,9.65
WR,Paul,Richardson,4.5,9.09,10.99,10.33
WR,Andre,Holmes,3.930769113,6.28,8.02,5.78
WR,Charles,Johnson,2.866666794,4.13,11.22,7.69
WR,Quinton,Patton,3.806250095,10.71,5.26,2.99
WR,Brandon,Coleman,4.525000095,3.07,12.28,7.61
WR,Marqise,Lee,4.044444614,12.25,5.05,11.05
WR,Jaron,Brown,2.35454542,2.01,4.38,4.61
WR,Brandon,Tate,0.859999975,8.72,10.9,3.29
WR,Brice,Butler,6.359999847,11.61,12.29,5.02
WR,Chris,Hogan,5.812307505,3.13,8.9,8.84
WR,Devin,Hester,0,11.01,10.9,8.09
WR,Chris,Givens,3.792857034,10.6,4.57,12.11
WR,Jeremy,Kerley,2.346666718,9.11,4.04,10.86
WR,Kenny,Bell,0,2.12,3.92,3.68
WR,Harry,Douglas,4.892857143,12.11,6.23,9.12
WR,Quan,Bray,0,4.22,8.72,7.59
WR,Josh,Huff,4.478571483,4.85,8.56,2.92
WR,Jared,Abbrederis,2.228571483,5.02,10.16,8.82
WR,Pharoh,Cooper,0,4.95,5.74,11.08
WR,Chris,Conley,3.822222392,7.31,11.56,11.3
WR,Josh,Boyce,0,11.3,10.48,12.54
WR,Jeremy,Ross,0.681818182,8.32,12.3,11.58
WR,Griff,Whalen,3.555555556,4.28,10.94,4.43
WR,Ryan,Grant,4.191666603,3.26,2.51,4.88
WR,Shane,Wynn,0,9.11,10.32,3.4
WR,Jordan,Payton,0,11.16,11.89,12.15
WR,Nick,Williams,3.309091048,3.51,12.5,6.85
WR,Rannell,Hall,0,6.39,5.51,4.51
WR,Issac,Blakeney,0,8.42,10.07,9.26
WR,Jordan,Williams-Lambert,0,9.62,7.63,6.77
WR,Rashad,Ross,2.646153964,7.31,12.44,11.31
WR,Justin,Hunter,4.822222392,11.94,4.62,3.68
WR,Cordarrelle,Patterson,0.964285714,4.6,3.2,4.14
WR,Jerome,Simpson,2.779999924,10.22,10.75,8.34
WR,T.J.,Graham,1.466666698,10.05,9.52,9
WR,Chris,Moore,0,2.08,7.99,9.12
WR,Geronimo,Allison,0,3.53,11.32,11.99
WR,K.J.,Brent,0,4.93,12.09,6.13
WR,Paul,McRoberts,0,2.54,7.06,9.37
WR,Jace,Billingsley,0,8.44,9,2.12
WR,Andy,Jones,0,7.7,4.36,4.13
WR,Ed,Eagan,0,9.75,7.55,7.26
WR,Chris,Hubert,0,5.5,6.32,11.15
WR,Isaac,Fruechte,0,10.78,10.27,12.38
WR,Eric,Weems,0.166666667,12.8,5.27,3.47
WR,Aaron,Burbridge,0,12.08,9.41,7.78
WR,Ben,Roberts,0,5.88,8.44,3.09
WR,Kieran,Duncan,0,4.81,4.21,3.56
WR,Rashard,Higgins,0,5.14,11.86,3.88
WR,Vince,Mayle,0,9.62,6.4,3.71
WR,Chandler,Worthy,0.966666698,4.28,5.09,2.19
WR,Johnny,Holton,0,3.47,10.43,4.92
WR,Jakeem,Grant,0,2.69,6.61,3.21
WR,Isaiah,Burse,0,12.19,3.62,2.43
WR,Eli,Rogers,0,3.87,3.72,4.87
WR,Chris,Matthews,2.509090944,4.85,3.76,5.57
WR,Tommylee,Lewis,0,8.21,6.13,10
WR,D'haquille,Williams,0,6.07,9.18,8.33
WR,Dwayne,Bowe,1.114285742,5.28,9.46,12.36
WR,Cayleb,Jones,0,10.23,12.27,9.64
WR,Jaxon,Shipley,0,10.12,12.61,3.96
WR,Dres,Anderson,0,2.03,5.19,7.75
WR,Braxton,Miller,0,2.94,9.63,7.31
WR,Michael,Bennett,0,10.81,12.82,12.16
WR,Tavarres,King,0,12.47,5.45,10.09
WR,Freddie,Martino,0,3.25,11.36,5.99
WR,Jeremy,Butler,6.474999905,3.91,4.94,12.5
WR,Jordan,Leslie,0,10.31,3.57,10.68
WR,Lucky,Whitehead,1.108333349,12.62,9.88,2.6
WR,Tyler,Murphy,2.099999905,10.62,6.46,8.96
WR,Frankie,Hammond Jr.,-0.4,9.94,12.52,2.32
WR,Quinton,Dunbar,0,5.95,12.45,9.66
WR,Matt,Hazel,0,3.86,10.42,10.05
WR,Walt,Powell,0,12.55,11.85,8.96
WR,Jamel,Johnson,0,5.59,2.24,7.93
WR,Montario,Hunter,0,4.85,11.87,3.67
WR,Franky,Okafor,0,5.17,2.75,3.49
WR,Moritz,Boehringer,0,12.11,4.19,4.21
WR,Valdez,Showers,0,2.19,11.06,11.24
WR,Donte,Foster,0,5.35,4.35,7.43
WR,DeAndre,Carter,0,11.84,5.7,6.68
WR,Jake,Kumerow,0,5.52,3.8,11.51
WR,Rashaun,Simonise,0,4.89,3.52,10.11
WR,Joshua,Stangby,0,2.8,5.76,12.49
WR,Rashawn,Scott,0,12.55,3.55,12.94
WR,Reggie,Bell,0,6.87,10.74,5.31
WR,Herb,Waters,0,10.39,3.18,6.35
WR,Kevin,Smith,1.933333397,5.49,2.01,2.38
WR,Kasen,Williams,1.799999952,8.2,9.37,5.53
WR,C.J.,Goodwin,0,5.04,7.44,9.42
WR,Tre,McBride,1.433333397,9.72,8.28,12.27
WR,Rasheed,Bailey,0,8.43,5.6,9.83
WR,Jaydon,Mickens,0,8.46,3.52,2.3
WR,Joshua,Bellamy,4.390000153,3.83,2.69,5.82
WR,Jamaal,Jones,0,3.47,5.51,3.97
WR,Bernard,Reedy,0,3.41,7.7,2.65
WR,Trevor,Davis,0,5.52,4.24,6.39
WR,Cameron,Meredith,2.5,10.11,9.06,5.19
WR,R.J.,Harris,0,11.25,4.92,11.41
WR,Xavier,Rush,0,10.6,5.33,3.05
WR,Jarrett,Boykin,0,8.81,12.89,11.07
WR,Devin,Lucien,0,6.82,3.86,3.19
WR,Antwan,Goodley,0,12.71,12.27,4.27
WR,Shaq,Evans,0,2.24,6.07,12.85
WR,Leonte,Carroo,0,8.45,10.55,2.74
WR,Devin,Fuller,0,4.59,7.95,4.14
WR,Levi,Norwood,0,3.71,7.3,12.34
WR,Myles,White,2.033333249,9.24,11.61,10.2
WR,Tevin,Jones,0,6.06,12.84,11.47
WR,Marvin,Hall,0,10.85,8.47,7.77
WR,Daniel,Braverman,0,2.72,4.95,4.52
WR,Marken,Michel,0,9.16,12.1,11.89
WR,Hakeem,Nicks,1.48333327,4.01,3.86,6.79
WR,Ty,Montgomery,5.75,4.85,6.58,3.25
WR,Adam,Thielen,2.929999924,3.8,7.72,9.84
WR,Aldrick,Robinson,0,4.7,3.24,12.03
WR,Devon,Cajuste,0,10.08,6.07,3.28
WR,Keith,Mumphery,1.421428544,11.15,9.72,9.92
WR,Andre,Caldwell,2.041666667,12.7,6.06,2.28
WR,Deshon,Foxx,0,8.49,7.47,10.46
WR,Quinshad,Davis,0,5.91,12.36,11.29
WR,Cody,Core,0,2.62,2.31,2.82
WR,Ed,Williams,0,2.51,9.2,12.35
WR,T.J.,Thorpe,0,3.94,2.23,5.54
WR,Rod,Streater,1.299999952,8.65,7.2,10.11
WR,Richard,Mullaney,0,11.03,7.58,11.82
WR,Greg,Little,0,8.44,7.27,9.55
WR,Marcus,Leak,0,6.57,5.93,10.35
WR,Vincent,Brown,2.700000048,11.62,8.71,9.91
WR,Douglas,McNeil III,0,3.01,6.18,6.03
WR,Demarcus,Ayers,0,10.82,3.37,11.66
WR,Demarcus,Robinson,0,10.96,3.89,9.23
WR,Michael,Campanaro,3.424999952,6.06,2.49,9.6
WR,MarQuez,North,0,9.31,8.52,7.32
WR,Russell,Shepard,1.471428599,6.27,3.28,3.23
WR,Hunter,Sharp,0,3.88,8.86,11.95
WR,Titus,Davis,0,11.26,4.09,6.47
WR,Darius,Jennings,6.233333588,2.85,10.44,11.77
WR,Damond,Powell,0,11.36,9.61,10.69
WR,Aaron,Dobson,3.433333397,5.79,8.26,2.18
WR,Roger,Lewis,0,12.14,12.54,8.52
WR,Mike,Thomas,0,10.33,6.5,11.14
WR,DeAndre,Reaves,0,7.82,3.82,2.38
WR,Kadron,Boone,0,11.79,4.24,4.91
WR,Nathan,Palmer,0,4.35,9.62,11.54
WR,Maurice,Harris,0,12.79,3.27,3.68
WR,Brian,Tyms,0,7.16,4.72,10.83
WR,Kenny,Lawler,0,3.23,9.99,10.76
WR,James,Wright,0,3.24,3.98,12.18
WR,Kashif,Moore,0,8.84,12.44,5.15
WR,Chris,Harper,-0.299999992,2.75,7.9,7.84
WR,Jared,Dangerfield,0,6.6,8.24,9.76
WR,Josh,Lenz,0,4.13,3.63,11.77
WR,Marquis,Bundy,0,8.8,10.64,8.72
WR,DeAndrew,White,1.399999976,11.99,6.57,11.46
WR,Max,McCaffrey,0,2.39,9.88,12.02
WR,Andre,Roberts,3.125,10.54,7.96,7.84
WR,Adam,Humphries,4.136363636,12.88,11.23,5.27
WR,Mekale,McKay,0,2.23,11.49,5.99
WR,Charone,Peake,0,10.92,2.55,3.92
WR,Alex,Erickson,0,10.49,9.89,10.23
WR,Jonathan,Krause,1.049999952,12.29,7.76,2.09
WR,A.J.,Cruz,0,6.5,10.95,6.28
WR,Marlon,Moore,2.200000048,3.89,10.99,2.23
WR,Matthew,Slater,0,5.93,7.63,6.74
WR,Darrius,Heyward-Bey,4.900000139,3,5.56,9.16
WR,Daniel,Anthrop,0,11.65,2.14,11.29
WR,Kyle,Williams,0,7.34,5.62,4.16
WR,Marc,Mariani,2.4375,10.36,8.48,9.51